<?xml version="1.0" encoding="UTF-8"?>
<beans xmlns="http://www.springframework.org/schema/beans"
	xmlns:xsi="http://www.w3.org/2001/XMLSchema-instance"
	xmlns:aop="http://www.springframework.org/schema/aop"
	xmlns:context="http://www.springframework.org/schema/context"
	xmlns:jdbc="http://www.springframework.org/schema/jdbc"
	xmlns:mybatis-spring="http://mybatis.org/schema/mybatis-spring"
	xmlns:tx="http://www.springframework.org/schema/tx"
	xsi:schemaLocation="http://www.springframework.org/schema/jdbc http://www.springframework.org/schema/jdbc/spring-jdbc-4.3.xsd
		http://mybatis.org/schema/mybatis-spring http://mybatis.org/schema/mybatis-spring-1.2.xsd
		http://www.springframework.org/schema/beans https://www.springframework.org/schema/beans/spring-beans.xsd
		http://www.springframework.org/schema/context http://www.springframework.org/schema/context/spring-context-4.3.xsd
		http://www.springframework.org/schema/aop http://www.springframework.org/schema/aop/spring-aop-4.3.xsd
		http://www.springframework.org/schema/tx http://www.springframework.org/schema/tx/spring-tx-4.3.xsd">
	
	<!-- Root Context: defines shared resources visible to all other web components -->
	
<!-- 	데이터베이스 Connection -->

	<bean id="datasource"
		class="org.springframework.jdbc.datasource.DriverManagerDataSource">
		<property name="driverClassName"
			value="com.mysql.cj.jdbc.Driver">
		</property>
		<property name="username" value="root"></property>
		<property name="url"
			value="jdbc:mysql://localhost:3306/lyh?serverTimezone=Asia/Seoul&amp;characterEncoding=UTF-8&amp;useSSL=false">
		</property>
		<property name="password" value="yona"></property>
	</bean>

<!-- 	 DB log4jdbc설정 -->
<!-- 	<bean id="datasource" -->
<!-- 		class="org.springframework.jdbc.datasource.DriverManagerDataSource"> -->
<!-- 		<property name="driverClassName" -->
<!-- 			value="net.sf.log4jdbc.sql.jdbcapi.DriverSpy"> -->
<!-- 		</property> -->
<!-- 		<property name="url" -->
<!-- 			value="jdbc:log4jdbc:mysql://localhost:3306/lyh?serverTimezone=Asia/Seoul&amp;characterEncoding=UTF-8&amp;useSSL=false"> -->
<!-- 		</property> -->
<!-- 		<property name="username" value="root"></property> -->
<!-- 		<property name="password" value="yona"></property> -->
<!-- 	</bean> -->
	
	<bean id="sqlSessionFactory" class="org.mybatis.spring.SqlSessionFactoryBean">
 		 <property name="dataSource" ref="datasource" />
<!--  		 mybatis환경설정파일이 위치해 있는 곳 -->
 	 	<property name="configLocation" value="classpath:/mybatis-config.xml"></property>
<!--  	 	mapper파일이 위치해 있는 곳 -->
 	 	<property name="mapperLocations" value="classpath:/mappers/**/*Mapper.xml" />
	</bean>
	
<!-- 	sqlSessionTemplate 객체 설정 -->
	<bean id="sqlSession"
		class="org.mybatis.spring.SqlSessionTemplate">
		<constructor-arg ref="sqlSessionFactory"></constructor-arg>
	</bean>
	
<!-- 	아래의 패키지를 조사(scan)하여 필요한 객체를 만들고, 스프링 컨테이너에 의해 관리되도록 한다. -->
		<context:component-scan base-package="com.miniproject.persistence" />
		<context:component-scan base-package="com.miniproject.service.hboard" />
		<context:component-scan base-package="com.miniproject.util" />
		
</beans>
