<?xml version="1.0" encoding="UTF-8"?>
<!DOCTYPE mapper
  PUBLIC "-//mybatis.org//DTD Mapper 3.0//EN"
  "https://mybatis.org/dtd/mybatis-3-mapper.dtd">
<mapper namespace="com.miniproject.mappers.cboardmapper">

<!-- 게시판의 모든 게시글을  정렬하여 가져오는 쿼리문 -->
 <select id="getAllHBoard" resultType="com.miniproject.model.HBoardVO">
 	select * from hboard
 	where boardType = 'cboard' 
 	order by boardNo desc
 	limit #{startRowIndex}, #{viewPostCntPerPage}
 	 
 </select>
 
 
<!--  새로운 게시글을 저장하는 쿼리문 -->
 <insert id="saveNewBoard">
 	insert into hboard(title, content, writer, boardType) values (#{title}, #{content}, #{writer}, 'cboard')
 </insert>
 
<!--  저장된 글번호 가져오는 쿼리문 -->
<select id="getMaxNo" resultType="int">
	select max(boardNo) from hboard where boardType = 'cboard'
</select>

<!-- 업로드 된 첨부파일을 저장하는 쿼리문 -->
<insert id="saveUpFile">
insert into boardupfiles (newFileName, originFileName, thumbFileName, ext, size, boardNo, base64Img)
values(#{newFileName}, #{originFileName}, #{thumbFileName}, #{ext}, #{size}, #{boardNo}, #{base64Img}) 
</insert>

<!-- 게시판 글 조회 (게시판번호 이용) -->
<select id="getBoardByNo" resultType="HBoardDTO">
select * from hboard where boardNo = #{boardNo};
</select>

<select id="getFilesByNo" resultType="BoardUpFilesVODTO">
select * from boardupfiles where boardNo = #{boardNo};
</select>

<!-- resyltMap 연습 -->

<resultMap type="HBoardDTO" id="boardResultMapTest">
	<id column="boardNo" property ="boardNo" javaType="int"/>
	<result column="title" property="title" javaType="String"/>
	<result column="content" property="content" javaType="String"/>
	<result column="writer" property="writer" javaType="String"/>

	<collection column = "boardNo" property="fileList" ofType="BoardUpFilesVODTO" javaType="java.util.List" select="getFilesByNo"></collection>
</resultMap>

<select id="selectResultmapTest" resultMap="boardResultMapTest">
	select boardNo, title, content, writer from hboard where boardNo = #{boardNo}
</select>

<resultMap type="com.miniproject.model.BoardDetailInfo" id="boardDetailInfoMap">
	<result column="boardNo" property="boardNo" javaType="int"/>
	<result column="title" property="title" javaType="String"/>
	<result column="content" property="content" javaType="String"/>
	<result column="writer" property="writer" javaType="String"/>
	<result column="postDate" property="postDate" javaType="java.sql.Timestamp"/>
	<result column="readCount" property="readCount" javaType="int"/>
	<result column="ref" property="ref" javaType="int"/>
	<result column="step" property="step" javaType="int"/>
	<result column="refOrder" property="refOrder" javaType="int"/>
	<result column="isDelete" property="isDelete" javaType="String"/>
	<result column="likecount" property="likecount" javaType="int"/>
	
	<result column="userName" property="userName" javaType="String"/>
	<result column="email" property="email" javaType="String"/>
	<result column="hobby" property="hobby" javaType="String"/>
	
</resultMap>

<select id="selectBoardDetailInfoByBoardNo" resultMap="boardDetailInfoMap">
	select h.boardNo, h.title, h.content, h.writer, h.postDate, h.readCount,
	h.ref, h.step, h.refOrder, h.isDelete,h.likecount, m.userName, m.email, m.hobby
	from hboard h inner join member m 
	on h.writer = m.userId
	where h.boardNo = #{boardNo} and boardType = 'cboard'
</select>

<!-- 조회수 처리 -->
<!-- ipAddr의 유저가 boardNo글을 언제 조회했는지 날짜차이(단, 조회한 적이 없다면 -1 반환) -->
<select id="selectBoardDateDiff" resultType="int">
select ifnull(datediff(now(),
	(select readWhen from boardreadlog where readWho = #{readWho} and boardNo = #{boardNo} )) , -1) 
    as datediff;
</select>

<!-- BoardReadLog에 조회한 내역 저장 -->
<insert id="saveBoardReadLog">
	insert into boardreadlog(readwho, boardNo) values(#{readWho}, #{boardNo});
</insert>

<!-- 조회수 증가처리문 -->
<update id="updateReadCount">
	update hboard set readCount = readCount + 1 where boardNo = #{boardNo};
</update>

<!-- 24시간 지난 아이피 주소가 기존에 읽었던 글을 다시 읽을때 타임 업데이트 -->
<update id="updateBoardReadLog">
update boardreadlog set readWhen = now() where readWho = #{readWho} and boardNo = #{boardNo};
</update>

<!-- 답글 처리 -->
<update id="updateBoardRef">
	update hboard set ref = #{boardNo} 
	where boardNo =  #{boardNo} 
</update>

<update id="updateBoardRefOrder">
	update hboard set refOrder = refOrder + 1 
	where ref = #{ref} and refOrder > #{refOrder}
</update>

<!-- 답글 입력 데이터와 함께 ref, step, refOrder 값 저장 -->
<insert id="insertReplyBoard">
	insert into hboard (title, content, writer, ref, step, refOrder, boardType)
	values (#{title},#{content},#{writer},#{ref},#{step},#{refOrder}, 'cboard')
</insert>

<!-- 삭제 처리 -->
<!-- boardNo번 글을 삭제(update) -->
<update id ="updateIsDelete">
update hboard set isDelete = 'Y', title = '', content = '' 
where boardNo = #{boardNo}
</update>

<!-- 업로드 파일 삭제 -->
<delete id="deleteBoardUpfileByPK">
	delete from boardupfiles where boardNo = #{boardNo}
</delete>

<!-- 게시글 수정 -->
<update id="updateBoard">
	update hboard set title = #{title}, content = #{content}
	where boardNo = #{boardNo}
</update>

<delete id="deleteBoardUpFileByFileNo">
	delete from boardupfiles
	where boardUpFileNo = #{boardUpFileNo}
</delete>

<!-- 전체 게시글 수  -->
<select id="selectTotalCount" resultType="int">
	select count(*) from hboard
</select>

<!-- 게시판 검색 -->
<select id="getSearchBoard" resultType="com.miniproject.model.HBoardVO">
	select * from hboard where isDelete = 'N'
	<choose>
		<when test="searchType == 'title'">
			and title like #{searchWord}
		</when>
		<when test="searchType == 'writer'">
			and writer like #{searchWord}
		</when>
		<when test="searchType == 'content'">
			and content like #{searchWord}
		</when>
	</choose>
	and boardType = 'cboard'	
	order by boardNo desc
	limit #{startRowIndex}, #{viewPostCntPerPage}
</select>

<select id="countSearchBoard" resultType="int">
	select count(*) from hboard where isDelete = 'N'
	<choose>
		<when test="searchType == 'title'">
			and title like #{searchWord}
		</when>
		<when test="searchType == 'writer'">
			and writer like #{searchWord}
		</when>
		<when test="searchType == 'content'">
			and content like #{searchWord}
		</when>
	</choose>
	and boardType = 'cboard'
</select>

<!-- 좋아요 -->
	<insert id="like">
		insert into boardlike(who, boardNo) values(#{who},#{boardNo})
	</insert>

<update id="updateLikeCount">
	update hboard set likecount = likecount + #{n} where boardNo = #{boardNo}
</update>
<delete id="dislike">
	delete from boardlike where boardNo = #{boardNo} and who = #{who}
</delete>

<select id="selectUserWhoLike" resultType="String">
	select who from boardlike where boardNo = #{boardNo}
</select>

</mapper> 